"1","兴芮水世界","休闲娱乐","44.5","159","保定市徐水区郎五庄村大午温泉度假村","保定","http://ticket.lvmama.com/scenic-12214293","http://pic.lvmama.com/uploads/pc/place2/ctrip/photo/2608870/228bd3e7f7ef55dfb75d1f1f704130fa_180_120.jpg"
"2","丛台公园","园林景观","9","9","邯郸市丛台区中华北大街80号","保定","http://ticket.lvmama.com/scenic-12214293","http://pic.lvmama.com/uploads/pc/place2/ctrip/photo/2608870/228bd3e7f7ef55dfb75d1f1f704130fa_180_120.jpg"
"3","木兰溶洞","登山徒步","36","36","河北省保定市满城县西赵庄村大西峪木兰峪风景区","保定","http://ticket.lvmama.com/scenic-12214293","http://pic.lvmama.com/uploads/pc/place2/ctrip/photo/2608870/228bd3e7f7ef55dfb75d1f1f704130fa_180_120.jpg"
"4","翠云山国际旅游度假区","滑雪","188","668","河北省张家口市崇礼东马线翠云山景区","保定","http://ticket.lvmama.com/scenic-12214293","http://pic.lvmama.com/uploads/pc/place2/ctrip/photo/2608870/228bd3e7f7ef55dfb75d1f1f704130fa_180_120.jpg"
"5","白鹿温泉","温泉","108","259","河北省石家庄市平山县温塘镇归咏路与汉塘街街北行10...","保定","http://ticket.lvmama.com/scenic-12214293","http://pic.lvmama.com/uploads/pc/place2/ctrip/photo/2608870/228bd3e7f7ef55dfb75d1f1f704130fa_180_120.jpg"
"6","天子山自然生态旅游区","自然风光","10","10","河北省承德市兴隆县挂兰峪镇二甸子村","保定","http://ticket.lvmama.com/scenic-12214293","http://pic.lvmama.com/uploads/pc/place2/ctrip/photo/2608870/228bd3e7f7ef55dfb75d1f1f704130fa_180_120.jpg"
"7","石家庄海洋公园","主题乐园","7","7","河北省石家庄市桥西区裕华西路66号","保定","http://ticket.lvmama.com/scenic-12214293","http://pic.lvmama.com/uploads/pc/place2/ctrip/photo/2608870/228bd3e7f7ef55dfb75d1f1f704130fa_180_120.jpg"
"8","怪楼奇园","园林景观","18","18","河北省秦皇岛市北戴河区联峰路怪楼奇园大酒店西侧50...","保定","http://ticket.lvmama.com/scenic-12214293","http://pic.lvmama.com/uploads/pc/place2/ctrip/photo/2608870/228bd3e7f7ef55dfb75d1f1f704130fa_180_120.jpg"
"9","邢台北武当山","自然风光","19.9","19.9","河北省邢台市沙河市蝉房乡大欠村","邢台","http://ticket.lvmama.com/scenic-10690726","http://pic.lvmama.com/uploads/pc/place2/2016-03-11/e0add7f2-5bd3-4fdc-9a0d-edbcc708d06d_180_120.jpg"
"10","多乐美地滑雪场","滑雪","69","550","河北省张家口市崇礼县","邢台","http://ticket.lvmama.com/scenic-10690726","http://pic.lvmama.com/uploads/pc/place2/2016-03-11/e0add7f2-5bd3-4fdc-9a0d-edbcc708d06d_180_120.jpg"
"11","保定国际俱乐部","休闲娱乐","112","112","河北省保定市高新区天鹅西路199号","邢台","http://ticket.lvmama.com/scenic-10690726","http://pic.lvmama.com/uploads/pc/place2/2016-03-11/e0add7f2-5bd3-4fdc-9a0d-edbcc708d06d_180_120.jpg"
"12","秦皇岛板厂峪长城景区","自然风光","23.9","68","河北省秦皇岛市抚宁县驻操营镇板厂峪村","邢台","http://ticket.lvmama.com/scenic-10690726","http://pic.lvmama.com/uploads/pc/place2/2016-03-11/e0add7f2-5bd3-4fdc-9a0d-edbcc708d06d_180_120.jpg"
"13","水道汤泉","休闲娱乐","60","60","河北省张家口市纬二路金鹰悦城水道汤泉生活馆","邢台","http://ticket.lvmama.com/scenic-10690726","http://pic.lvmama.com/uploads/pc/place2/2016-03-11/e0add7f2-5bd3-4fdc-9a0d-edbcc708d06d_180_120.jpg"
"14","水域半岛","休闲娱乐","26","232","秦皇岛市海港区秦皇半岛三区44栋（广源超市旁）","邢台","http://ticket.lvmama.com/scenic-10690726","http://pic.lvmama.com/uploads/pc/place2/2016-03-11/e0add7f2-5bd3-4fdc-9a0d-edbcc708d06d_180_120.jpg"
"15","赤水湾古镇","休闲娱乐","29.9","88","邯郸市涉县赤水湾古镇","邢台","http://ticket.lvmama.com/scenic-10690726","http://pic.lvmama.com/uploads/pc/place2/2016-03-11/e0add7f2-5bd3-4fdc-9a0d-edbcc708d06d_180_120.jpg"
"16","衡水之眼","休闲娱乐","178","188","河北省衡水市桃城区滏东嘉园北","邢台","http://ticket.lvmama.com/scenic-10690726","http://pic.lvmama.com/uploads/pc/place2/2016-03-11/e0add7f2-5bd3-4fdc-9a0d-edbcc708d06d_180_120.jpg"
"17","九龙松","休闲娱乐","30","30","五道营乡112线四道营村九龙松旅游点","承德","http://ticket.lvmama.com/scenic-12350869","http://pic.lvmama.com/uploads/pc/place2/ctrip/photo/2618987/c1a606498ef4cd80aae7fe046190c41a_180_120.jpg"
"18","太行花溪谷景区","自然风光","19.9","19.9","武安市活水乡牛心山村张家台西","承德","http://ticket.lvmama.com/scenic-12350869","http://pic.lvmama.com/uploads/pc/place2/ctrip/photo/2618987/c1a606498ef4cd80aae7fe046190c41a_180_120.jpg"
"19","正定古城","人文古迹","30","38","河北省石家庄市正定县燕赵南大街","承德","http://ticket.lvmama.com/scenic-12350869","http://pic.lvmama.com/uploads/pc/place2/ctrip/photo/2618987/c1a606498ef4cd80aae7fe046190c41a_180_120.jpg"
"20","官厅红色记忆","休闲娱乐","28","28","官厅镇官厅大街北6号","承德","http://ticket.lvmama.com/scenic-12350869","http://pic.lvmama.com/uploads/pc/place2/ctrip/photo/2618987/c1a606498ef4cd80aae7fe046190c41a_180_120.jpg"
"21","大厂影视小镇","休闲娱乐","7","7","厂通路和中轴路交叉口东南角","承德","http://ticket.lvmama.com/scenic-12350869","http://pic.lvmama.com/uploads/pc/place2/ctrip/photo/2618987/c1a606498ef4cd80aae7fe046190c41a_180_120.jpg"
"22","沧州海洋馆","主题乐园","87","87","沧州市运河区北京路游泳馆西区","承德","http://ticket.lvmama.com/scenic-12350869","http://pic.lvmama.com/uploads/pc/place2/ctrip/photo/2618987/c1a606498ef4cd80aae7fe046190c41a_180_120.jpg"
"23","三城水上乐园","主题乐园","39.9","39.9","河北省保定市涿州市东城坊镇三城村建红农业观光园内","承德","http://ticket.lvmama.com/scenic-12350869","http://pic.lvmama.com/uploads/pc/place2/ctrip/photo/2618987/c1a606498ef4cd80aae7fe046190c41a_180_120.jpg"
"24","保定科技海洋中心","休闲娱乐","118","128","河北省保定市竞秀区建国路江城乡生态园真天地科普乐园...","承德","http://ticket.lvmama.com/scenic-12350869","http://pic.lvmama.com/uploads/pc/place2/ctrip/photo/2618987/c1a606498ef4cd80aae7fe046190c41a_180_120.jpg"
"25","怀来帝曼温泉度假村","休闲娱乐","65","65","张家口市怀来县桑园镇帝曼温泉度假村","张家口","http://ticket.lvmama.com/scenic-154301","http://pic.lvmama.com/uploads/pc/place2/ctrip/photo/2615809/78180848045bcd5b496e7a0282ff4db6_180_120.jpg"
"26","磁州水墨园","休闲娱乐","7","7","邯郸市磁县和谐大道1号","张家口","http://ticket.lvmama.com/scenic-154301","http://pic.lvmama.com/uploads/pc/place2/ctrip/photo/2615809/78180848045bcd5b496e7a0282ff4db6_180_120.jpg"
"27","前南峪生态观光旅游区","自然风光","55","55","邢台市邢台县浆水镇前南峪村","张家口","http://ticket.lvmama.com/scenic-154301","http://pic.lvmama.com/uploads/pc/place2/ctrip/photo/2615809/78180848045bcd5b496e7a0282ff4db6_180_120.jpg"
"28","万象云端","休闲娱乐","9.9","9.9","石家庄市裕华区万达步行街中心塔东侧","张家口","http://ticket.lvmama.com/scenic-154301","http://pic.lvmama.com/uploads/pc/place2/ctrip/photo/2615809/78180848045bcd5b496e7a0282ff4db6_180_120.jpg"
"29","茗汤日月潭温泉会馆","休闲娱乐","88","198","廊坊市霸州市国际温泉城泰山路529号","张家口","http://ticket.lvmama.com/scenic-154301","http://pic.lvmama.com/uploads/pc/place2/ctrip/photo/2615809/78180848045bcd5b496e7a0282ff4db6_180_120.jpg"
"30","蓝精灵欢乐岛","休闲娱乐","19.9","19.9","邯郸市涉县将军路与刘张公路交叉口东行1000米","张家口","http://ticket.lvmama.com/scenic-154301","http://pic.lvmama.com/uploads/pc/place2/ctrip/photo/2615809/78180848045bcd5b496e7a0282ff4db6_180_120.jpg"
"31","龙门温泉","休闲娱乐","32","32","保定市涞源县水堡镇龙门村","张家口","http://ticket.lvmama.com/scenic-154301","http://pic.lvmama.com/uploads/pc/place2/ctrip/photo/2615809/78180848045bcd5b496e7a0282ff4db6_180_120.jpg"
"32","九号生活馆","休闲娱乐","39","257","张家口市经开区东环路与站前东大街北侧交叉出口处(烟...","张家口","http://ticket.lvmama.com/scenic-154301","http://pic.lvmama.com/uploads/pc/place2/ctrip/photo/2615809/78180848045bcd5b496e7a0282ff4db6_180_120.jpg"
"33","甘露寺","休闲娱乐","30","30","邯郸市永年县广府城东桥村","邯郸","http://ticket.lvmama.com/scenic-172483","http://pic.lvmama.com/uploads/pc/place2/ctrip/photo/2613816/f1ddb5ccd0c14914fff1f1d9592fe981_180_120.jpg"
"34","亿福园","休闲娱乐","98","98","承德市隆化县茅荆坝乡茅荆坝村亿福农业生态园","邯郸","http://ticket.lvmama.com/scenic-172483","http://pic.lvmama.com/uploads/pc/place2/ctrip/photo/2613816/f1ddb5ccd0c14914fff1f1d9592fe981_180_120.jpg"
"35","荣华洗浴","休闲娱乐","5.8","26.8","霸州市金锚路与112国道(津保路)交汇处西50米","邯郸","http://ticket.lvmama.com/scenic-172483","http://pic.lvmama.com/uploads/pc/place2/ctrip/photo/2613816/f1ddb5ccd0c14914fff1f1d9592fe981_180_120.jpg"
"36","泰达·豪庭金门酒店温泉","休闲娱乐","68","168","衡水市桃城区榕花北大街1010号","邯郸","http://ticket.lvmama.com/scenic-172483","http://pic.lvmama.com/uploads/pc/place2/ctrip/photo/2613816/f1ddb5ccd0c14914fff1f1d9592fe981_180_120.jpg"
"37","叮当洞景区","自然风光","7","7","095乡道东50米","邯郸","http://ticket.lvmama.com/scenic-172483","http://pic.lvmama.com/uploads/pc/place2/ctrip/photo/2613816/f1ddb5ccd0c14914fff1f1d9592fe981_180_120.jpg"
"38","段家楼景区","自然风光","27","27","马西沟","邯郸","http://ticket.lvmama.com/scenic-172483","http://pic.lvmama.com/uploads/pc/place2/ctrip/photo/2613816/f1ddb5ccd0c14914fff1f1d9592fe981_180_120.jpg"
"39","腰山王氏庄园","休闲娱乐","30","30","河北省保定市顺平县腰山镇南腰山村","邯郸","http://ticket.lvmama.com/scenic-172483","http://pic.lvmama.com/uploads/pc/place2/ctrip/photo/2613816/f1ddb5ccd0c14914fff1f1d9592fe981_180_120.jpg"
"40","九州伊甸园","休闲娱乐","220","220","廊坊市大厂回族自治县陈府镇王指挥屯村","邯郸","http://ticket.lvmama.com/scenic-172483","http://pic.lvmama.com/uploads/pc/place2/ctrip/photo/2613816/f1ddb5ccd0c14914fff1f1d9592fe981_180_120.jpg"
"41","密苑云顶乐园","休闲娱乐,休闲娱乐","108","1785","","张家口","http://ticket.lvmama.com/scenic-12217338","http://pic.lvmama.com/uploads/pc/place2/ctrip/photo/2612492/4c34f2f7f4d296bc15af30ab666f9632_180_120.jpg"
"42","翠云山银河滑雪场","休闲娱乐,滑雪","220","938","张家口市崇礼区大夹道沟村(张承高速北出口南侧)","张家口","http://ticket.lvmama.com/scenic-12217338","http://pic.lvmama.com/uploads/pc/place2/ctrip/photo/2612492/4c34f2f7f4d296bc15af30ab666f9632_180_120.jpg"
"43","拉唯那那间温泉","休闲娱乐,温泉","44","44","河北省唐山市唐山国际旅游岛中南未来海岸小区综合楼","张家口","http://ticket.lvmama.com/scenic-12217338","http://pic.lvmama.com/uploads/pc/place2/ctrip/photo/2612492/4c34f2f7f4d296bc15af30ab666f9632_180_120.jpg"
"44","温泉堡一号温泉","休闲娱乐","49.9","99.9","温泉堡金龙温泉度假村","张家口","http://ticket.lvmama.com/scenic-12217338","http://pic.lvmama.com/uploads/pc/place2/ctrip/photo/2612492/4c34f2f7f4d296bc15af30ab666f9632_180_120.jpg"
"45","蔚·花园元宇宙乐园","休闲娱乐","68","99","张家口桥西区","张家口","http://ticket.lvmama.com/scenic-12217338","http://pic.lvmama.com/uploads/pc/place2/ctrip/photo/2612492/4c34f2f7f4d296bc15af30ab666f9632_180_120.jpg"
"46","万龙滑雪场","休闲娱乐","59","2100","张家口市崇礼县红花梁","张家口","http://ticket.lvmama.com/scenic-12217338","http://pic.lvmama.com/uploads/pc/place2/ctrip/photo/2612492/4c34f2f7f4d296bc15af30ab666f9632_180_120.jpg"
"47","红鼻子成长乐园","主题乐园","29.9","128","邢台市信都区路罗镇路罗村","张家口","http://ticket.lvmama.com/scenic-12217338","http://pic.lvmama.com/uploads/pc/place2/ctrip/photo/2612492/4c34f2f7f4d296bc15af30ab666f9632_180_120.jpg"
"48","汤泉宫温泉度假村","休闲娱乐","128","128","唐山市遵化市汤泉乡汤泉村乡政府西侧100米","张家口","http://ticket.lvmama.com/scenic-12217338","http://pic.lvmama.com/uploads/pc/place2/ctrip/photo/2612492/4c34f2f7f4d296bc15af30ab666f9632_180_120.jpg"
"49","太行药王谷","自然风光","16.8","19.9","邯郸市峰峰矿区义井镇东王看村北角沁河东岸","邯郸","http://ticket.lvmama.com/scenic-12216874","http://pic.lvmama.com/uploads/pc/place2/ctrip/photo/2611967/296be218e5ef46920ce4c58dc4f2a2d7_180_120.jpg"
"50","清水湾汗蒸广场","休闲娱乐","35","219","朝阳街朝阳路56号","邯郸","http://ticket.lvmama.com/scenic-12216874","http://pic.lvmama.com/uploads/pc/place2/ctrip/photo/2611967/296be218e5ef46920ce4c58dc4f2a2d7_180_120.jpg"
"51","九洲浴乐宫","休闲娱乐","33","199","唐山市迁安市丰乐大路九洲大酒店","邯郸","http://ticket.lvmama.com/scenic-12216874","http://pic.lvmama.com/uploads/pc/place2/ctrip/photo/2611967/296be218e5ef46920ce4c58dc4f2a2d7_180_120.jpg"
"52","金银海洗浴","休闲娱乐","21.8","388","廊坊市大厂回族自治县祁各庄镇小八百户村","邯郸","http://ticket.lvmama.com/scenic-12216874","http://pic.lvmama.com/uploads/pc/place2/ctrip/photo/2611967/296be218e5ef46920ce4c58dc4f2a2d7_180_120.jpg"
"53","九龙湾温泉汗蒸时代(洗浴部)","休闲娱乐","39.9","99","农林路与光明大街交叉口西行100米路北","邯郸","http://ticket.lvmama.com/scenic-12216874","http://pic.lvmama.com/uploads/pc/place2/ctrip/photo/2611967/296be218e5ef46920ce4c58dc4f2a2d7_180_120.jpg"
"54","石门弓箭俱乐部（怀特店）","休闲娱乐","30","200","石家庄市长安区裕彤体育中心九号步行梯三层","邯郸","http://ticket.lvmama.com/scenic-12216874","http://pic.lvmama.com/uploads/pc/place2/ctrip/photo/2611967/296be218e5ef46920ce4c58dc4f2a2d7_180_120.jpg"
"55","山缘生态庄园","休闲娱乐","27","27","唐山市丰润区王官营镇施家营村","邯郸","http://ticket.lvmama.com/scenic-12216874","http://pic.lvmama.com/uploads/pc/place2/ctrip/photo/2611967/296be218e5ef46920ce4c58dc4f2a2d7_180_120.jpg"
"56","盛世嘉年华温泉洗浴","休闲娱乐","29","358","沧州市运河区浮阳北大道西环中街戏水乐园5栋1-3层...","邯郸","http://ticket.lvmama.com/scenic-12216874","http://pic.lvmama.com/uploads/pc/place2/ctrip/photo/2611967/296be218e5ef46920ce4c58dc4f2a2d7_180_120.jpg"
"57","龙珠温泉","休闲娱乐","63","131","保定市莲池区天鹅中路1777号","保定","http://ticket.lvmama.com/scenic-12216393","http://pic.lvmama.com/uploads/pc/place2/ctrip/photo/2611407/fe7e8c63540b616dc8d26b1a48f9e48c_180_120.jpg"
"58","迪山云顶风景区","自然风光","19.9","19.9","石家庄市平山县南甸镇寨北乡指角沟村庙岩","保定","http://ticket.lvmama.com/scenic-12216393","http://pic.lvmama.com/uploads/pc/place2/ctrip/photo/2611407/fe7e8c63540b616dc8d26b1a48f9e48c_180_120.jpg"
"59","六北定植物园","动植物园","37","158","廊坊市三河市洵阳镇六道曹村西南","保定","http://ticket.lvmama.com/scenic-12216393","http://pic.lvmama.com/uploads/pc/place2/ctrip/photo/2611407/fe7e8c63540b616dc8d26b1a48f9e48c_180_120.jpg"
"60","壹零壹森林公学","休闲娱乐","19.9","69","竞秀区慈航寺南街","保定","http://ticket.lvmama.com/scenic-12216393","http://pic.lvmama.com/uploads/pc/place2/ctrip/photo/2611407/fe7e8c63540b616dc8d26b1a48f9e48c_180_120.jpg"
"61","王硇村","人文古迹","19.9","19.9","邢台市沙河市王硇村","保定","http://ticket.lvmama.com/scenic-12216393","http://pic.lvmama.com/uploads/pc/place2/ctrip/photo/2611407/fe7e8c63540b616dc8d26b1a48f9e48c_180_120.jpg"
"62","大自然温泉会馆（沧州店）","休闲娱乐","35","269","沧州市运河区开发区渤海路阳光医药东临","保定","http://ticket.lvmama.com/scenic-12216393","http://pic.lvmama.com/uploads/pc/place2/ctrip/photo/2611407/fe7e8c63540b616dc8d26b1a48f9e48c_180_120.jpg"
"63","周家庄农业特色观光园","休闲娱乐","18.8","18.8","河北省石家庄市晋州市滨河路594号","保定","http://ticket.lvmama.com/scenic-12216393","http://pic.lvmama.com/uploads/pc/place2/ctrip/photo/2611407/fe7e8c63540b616dc8d26b1a48f9e48c_180_120.jpg"
"64","雄安保府酒文化园","休闲娱乐","7","7","保定市雄安新区容城县金台路69号","保定","http://ticket.lvmama.com/scenic-12216393","http://pic.lvmama.com/uploads/pc/place2/ctrip/photo/2611407/fe7e8c63540b616dc8d26b1a48f9e48c_180_120.jpg"
"65","国玉陶瓷文化园","休闲娱乐","15","15","张家口市宣化区幸福街148号1号","张家口","http://ticket.lvmama.com/scenic-12215963","http://pic.lvmama.com/uploads/pc/place2/ctrip/photo/2610885/ae6bb90265d5fbdb50f7636f36e21c18_180_120.jpg"
"66","古武当山","人文古迹","29.9","198","邯郸武安市西40公里太行山深处，距邯郸市70公里","张家口","http://ticket.lvmama.com/scenic-12215963","http://pic.lvmama.com/uploads/pc/place2/ctrip/photo/2610885/ae6bb90265d5fbdb50f7636f36e21c18_180_120.jpg"
"67","新濠假日酒店温泉","休闲娱乐","39.9","351","石家庄市桥西区新华西路568号","张家口","http://ticket.lvmama.com/scenic-12215963","http://pic.lvmama.com/uploads/pc/place2/ctrip/photo/2610885/ae6bb90265d5fbdb50f7636f36e21c18_180_120.jpg"
"68","天鹅湖洗浴","休闲娱乐","52","208","中华南大街350号","张家口","http://ticket.lvmama.com/scenic-12215963","http://pic.lvmama.com/uploads/pc/place2/ctrip/photo/2610885/ae6bb90265d5fbdb50f7636f36e21c18_180_120.jpg"
"69","千佛山森林公园","自然风光","7","7","保定市易县白马乡盘神庙村","张家口","http://ticket.lvmama.com/scenic-12215963","http://pic.lvmama.com/uploads/pc/place2/ctrip/photo/2610885/ae6bb90265d5fbdb50f7636f36e21c18_180_120.jpg"
"70","西部长青自然儿童乐园","休闲娱乐","50","50","石家庄市鹿泉市白鹿泉乡梁庄、水峪","张家口","http://ticket.lvmama.com/scenic-12215963","http://pic.lvmama.com/uploads/pc/place2/ctrip/photo/2610885/ae6bb90265d5fbdb50f7636f36e21c18_180_120.jpg"
"71","刘伶醉景区游乐城","自然风光","99","139","河北省保定市徐水县刘伶路与盛源南大街交口西行500...","张家口","http://ticket.lvmama.com/scenic-12215963","http://pic.lvmama.com/uploads/pc/place2/ctrip/photo/2610885/ae6bb90265d5fbdb50f7636f36e21c18_180_120.jpg"
"72","神泉山旅游景区","自然风光","15.9","138","保定市满城区S332省道神泉山风景区","张家口","http://ticket.lvmama.com/scenic-12215963","http://pic.lvmama.com/uploads/pc/place2/ctrip/photo/2610885/ae6bb90265d5fbdb50f7636f36e21c18_180_120.jpg"
"73","刘伶醉酒古烧锅遗址","人文古迹","38","38","河北省保定市徐水县振兴中路徐水二中对面","保定","http://ticket.lvmama.com/scenic-10834166","http://pic.lvmama.com/uploads/pc/place2/ctrip/photo/2608447/643430cf6ea467f5244f735379b24336_180_120.jpg"
"74","缥缈间温泉","休闲娱乐","126","298","石家庄市平山县两河乡河北野生原度假村内","保定","http://ticket.lvmama.com/scenic-10834166","http://pic.lvmama.com/uploads/pc/place2/ctrip/photo/2608447/643430cf6ea467f5244f735379b24336_180_120.jpg"
"75","阿派朗创造力乐园","休闲娱乐","129","189","廊坊市固安县大广高速牛驼出口西行500米路南","保定","http://ticket.lvmama.com/scenic-10834166","http://pic.lvmama.com/uploads/pc/place2/ctrip/photo/2608447/643430cf6ea467f5244f735379b24336_180_120.jpg"
"76","祖山风景区","自然风光","140","158","秦皇岛市青龙满族自治县京省高速秦皇岛北出口青龙方向...","保定","http://ticket.lvmama.com/scenic-10834166","http://pic.lvmama.com/uploads/pc/place2/ctrip/photo/2608447/643430cf6ea467f5244f735379b24336_180_120.jpg"
"77","享水溪旅游度假区","休闲娱乐","10","10","保定市顺平县享水溪旅游度假区","保定","http://ticket.lvmama.com/scenic-10834166","http://pic.lvmama.com/uploads/pc/place2/ctrip/photo/2608447/643430cf6ea467f5244f735379b24336_180_120.jpg"
"78","八路军一二九师纪念馆太行颂文化园","展览展馆","19","19","邯郸市涉县河南店镇赤岸村","保定","http://ticket.lvmama.com/scenic-10834166","http://pic.lvmama.com/uploads/pc/place2/ctrip/photo/2608447/643430cf6ea467f5244f735379b24336_180_120.jpg"
"79","白石山温泉旅游度假区","休闲娱乐","98","168","保定市涞源县白石山镇白石山温泉度假区","保定","http://ticket.lvmama.com/scenic-10834166","http://pic.lvmama.com/uploads/pc/place2/ctrip/photo/2608447/643430cf6ea467f5244f735379b24336_180_120.jpg"
"80","水岸潮白景区","自然风光","59.9","59.9","廊坊市香河县蒋辛屯镇北李庄村","保定","http://ticket.lvmama.com/scenic-10834166","http://pic.lvmama.com/uploads/pc/place2/ctrip/photo/2608447/643430cf6ea467f5244f735379b24336_180_120.jpg"
"81","冉庄滑雪场","人文古迹","8.8","15.8","河北省保定市清苑县冉庄镇","保定","http://ticket.lvmama.com/scenic-175349","http://pic.lvmama.com/uploads/pc/place2/ctrip/photo/2607096/af775610207358a592645dff74e0ec2b_180_120.jpg"
"82","狼牙山文化博物馆","展览展馆","64","64","保定市易县东西水村狼牙山中路","保定","http://ticket.lvmama.com/scenic-175349","http://pic.lvmama.com/uploads/pc/place2/ctrip/photo/2607096/af775610207358a592645dff74e0ec2b_180_120.jpg"
"83","悦海汗蒸","休闲娱乐","29.9","109","石家庄桥西区中山西路777号","保定","http://ticket.lvmama.com/scenic-175349","http://pic.lvmama.com/uploads/pc/place2/ctrip/photo/2607096/af775610207358a592645dff74e0ec2b_180_120.jpg"
"84","邯郸方特国色春秋","主题乐园,主题乐园","99","299","河北省邯郸市中华慈大街18号","保定","http://ticket.lvmama.com/scenic-175349","http://pic.lvmama.com/uploads/pc/place2/ctrip/photo/2607096/af775610207358a592645dff74e0ec2b_180_120.jpg"
"85","白洋淀异国风情园","民俗风情","10","10","河北省保定市安新县白洋淀景区内","保定","http://ticket.lvmama.com/scenic-175349","http://pic.lvmama.com/uploads/pc/place2/ctrip/photo/2607096/af775610207358a592645dff74e0ec2b_180_120.jpg"
"86","金丰农科园","动植物园,动植物园","9.9","200","河北省廊坊市广阳区和平路北端","保定","http://ticket.lvmama.com/scenic-175349","http://pic.lvmama.com/uploads/pc/place2/ctrip/photo/2607096/af775610207358a592645dff74e0ec2b_180_120.jpg"
"87","十瀑峡","自然风光","23","23","河北省保定市涞源县","保定","http://ticket.lvmama.com/scenic-175349","http://pic.lvmama.com/uploads/pc/place2/ctrip/photo/2607096/af775610207358a592645dff74e0ec2b_180_120.jpg"
"88","北岳庙","人文古迹","29.9","29.9","河北省保定市曲阳县北岳路","保定","http://ticket.lvmama.com/scenic-175349","http://pic.lvmama.com/uploads/pc/place2/ctrip/photo/2607096/af775610207358a592645dff74e0ec2b_180_120.jpg"
"89","崆山白云洞","登山徒步,自然风光","95","95","河北省邢台市临城县崆山白云洞风景名胜区","邢台","http://ticket.lvmama.com/scenic-100422","http://pic.lvmama.com/uploads/pc/place2/ctrip/photo/249103/feacb6ce119723d2c61b9f02a24bc7b5_180_120.jpg"
"90","广府古城旅游景区","自然风光","10","35","河北省邯郸市永年广府镇广府古城景区（太极城）","邢台","http://ticket.lvmama.com/scenic-100422","http://pic.lvmama.com/uploads/pc/place2/ctrip/photo/249103/feacb6ce119723d2c61b9f02a24bc7b5_180_120.jpg"
"91","东山文化博艺园","民俗风情","9","9","河北省邯郸市武安市东郊","邢台","http://ticket.lvmama.com/scenic-100422","http://pic.lvmama.com/uploads/pc/place2/ctrip/photo/249103/feacb6ce119723d2c61b9f02a24bc7b5_180_120.jpg"
"92","元宝山新潮玩乐园","园林景观","45","199","河北省承德市双桥区丽正门大街","邢台","http://ticket.lvmama.com/scenic-100422","http://pic.lvmama.com/uploads/pc/place2/ctrip/photo/249103/feacb6ce119723d2c61b9f02a24bc7b5_180_120.jpg"
"93","迁西县青山关旅游区","自然风光","42","42","河北省唐山市迁西县上营乡青山口村","邢台","http://ticket.lvmama.com/scenic-100422","http://pic.lvmama.com/uploads/pc/place2/ctrip/photo/249103/feacb6ce119723d2c61b9f02a24bc7b5_180_120.jpg"
"94","鸽子窝公园","主题乐园","35","35","河北省秦皇岛市北戴河区北戴河东山鸽赤路","邢台","http://ticket.lvmama.com/scenic-100422","http://pic.lvmama.com/uploads/pc/place2/ctrip/photo/249103/feacb6ce119723d2c61b9f02a24bc7b5_180_120.jpg"
"95","响堂山石窟","自然风光","10","10","河北省邯郸市峰峰矿区鼓山","邢台","http://ticket.lvmama.com/scenic-100422","http://pic.lvmama.com/uploads/pc/place2/ctrip/photo/249103/feacb6ce119723d2c61b9f02a24bc7b5_180_120.jpg"
"96","澜悦温泉","温泉","89","89","河北省霸州市泰山路519号","邢台","http://ticket.lvmama.com/scenic-100422","http://pic.lvmama.com/uploads/pc/place2/ctrip/photo/249103/feacb6ce119723d2c61b9f02a24bc7b5_180_120.jpg"
"97","金山岭长城","人文古迹","52","52","河北省承德市滦平县巴克什营一带（北京密云县与河北滦...","承德","http://ticket.lvmama.com/scenic-100408","http://pic.lvmama.com/uploads/pc/place2/ctrip/photo/181814/fbfe2a2f511622f649544bc1bb2e8cd5_180_120.jpg"
"98","野三坡","休闲娱乐","10","10","河北省保定市涞水县野三坡","承德","http://ticket.lvmama.com/scenic-100408","http://pic.lvmama.com/uploads/pc/place2/ctrip/photo/181814/fbfe2a2f511622f649544bc1bb2e8cd5_180_120.jpg"
"99","福瑞锶温泉","温泉","79","79","河北省石家庄市元氏县马村乡张掖村西红旗大街1298...","承德","http://ticket.lvmama.com/scenic-100408","http://pic.lvmama.com/uploads/pc/place2/ctrip/photo/181814/fbfe2a2f511622f649544bc1bb2e8cd5_180_120.jpg"
"100","太舞滑雪小镇","休闲娱乐,滑雪","29.9","1370","河北省张家口市崇礼区太舞滑雪小镇","承德","http://ticket.lvmama.com/scenic-100408","http://pic.lvmama.com/uploads/pc/place2/ctrip/photo/181814/fbfe2a2f511622f649544bc1bb2e8cd5_180_120.jpg"
"101","温泉圣地","温泉","46","46","河北省石家庄市晋州市003县道","承德","http://ticket.lvmama.com/scenic-100408","http://pic.lvmama.com/uploads/pc/place2/ctrip/photo/181814/fbfe2a2f511622f649544bc1bb2e8cd5_180_120.jpg"
"102","唐家湾丹霞温泉度假区","登山徒步,温泉","88","88","河北省承德市承德县仓子乡唐家湾温泉度假区","承德","http://ticket.lvmama.com/scenic-100408","http://pic.lvmama.com/uploads/pc/place2/ctrip/photo/181814/fbfe2a2f511622f649544bc1bb2e8cd5_180_120.jpg"
"103","紫图园生态庄园","园林景观","7","7","河北省廊坊市大厂回族自治县陈府乡东杨辛庄村西侧","承德","http://ticket.lvmama.com/scenic-100408","http://pic.lvmama.com/uploads/pc/place2/ctrip/photo/181814/fbfe2a2f511622f649544bc1bb2e8cd5_180_120.jpg"
"104","保定市农业生态园","动植物园","59","189","河北省保定市江城乡大汲店农业生态园东南角","承德","http://ticket.lvmama.com/scenic-100408","http://pic.lvmama.com/uploads/pc/place2/ctrip/photo/181814/fbfe2a2f511622f649544bc1bb2e8cd5_180_120.jpg"
"105","威尼斯水世界","","52","227","石家庄市裕华区体育南大街263号","石家庄","http://ticket.lvmama.com/scenic-175927","http://pic.lvmama.com/uploads/pc/place2/ctrip/photo/879451/4646c509231fd10ea758922d0b2b9d86_180_120.jpg"
"106","6号水世界","","36","36","河北省石家庄市无极县6号水世界","石家庄","http://ticket.lvmama.com/scenic-175927","http://pic.lvmama.com/uploads/pc/place2/ctrip/photo/879451/4646c509231fd10ea758922d0b2b9d86_180_120.jpg"
"107","沽源天鹅湖景区","","50","170","河北省张家口市沽源县天鹅湖景区","石家庄","http://ticket.lvmama.com/scenic-175927","http://pic.lvmama.com/uploads/pc/place2/ctrip/photo/879451/4646c509231fd10ea758922d0b2b9d86_180_120.jpg"
"108","华峪山庄","","13.7","13.8","河北省保定市唐县大洋乡大长峪村","石家庄","http://ticket.lvmama.com/scenic-175927","http://pic.lvmama.com/uploads/pc/place2/ctrip/photo/879451/4646c509231fd10ea758922d0b2b9d86_180_120.jpg"
"109","白洋淀鸳鸯岛","","7","7","河北省保定市安新县白洋淀景区内","石家庄","http://ticket.lvmama.com/scenic-175927","http://pic.lvmama.com/uploads/pc/place2/ctrip/photo/879451/4646c509231fd10ea758922d0b2b9d86_180_120.jpg"
"110","冰塘峪长城风情大峡谷","","35","35","河北省秦皇岛市抚宁县大新寨镇梁家湾村（高速口抚宁北...","石家庄","http://ticket.lvmama.com/scenic-175927","http://pic.lvmama.com/uploads/pc/place2/ctrip/photo/879451/4646c509231fd10ea758922d0b2b9d86_180_120.jpg"
"111","双石井自然风景区","","8","8","河北省承德市兴隆县南天门乡石庙子村","石家庄","http://ticket.lvmama.com/scenic-175927","http://pic.lvmama.com/uploads/pc/place2/ctrip/photo/879451/4646c509231fd10ea758922d0b2b9d86_180_120.jpg"
"112","白草洼国家森林公园","","9","9","河北省承德市滦平县付营子乡靳家沟门村","石家庄","http://ticket.lvmama.com/scenic-175927","http://pic.lvmama.com/uploads/pc/place2/ctrip/photo/879451/4646c509231fd10ea758922d0b2b9d86_180_120.jpg"
"113","六里坪国家森林公园","","7","7","河北省承德市兴隆县（兴隆镇）县城西南15公里","承德","http://ticket.lvmama.com/scenic-174044","http://pic.lvmama.com/uploads/pc/place2/2016-05-24/4527507d-c2c3-4e93-b4ab-f9186eb0b88c_180_120.jpg"
"114","李唐帝江汗蒸水疗中心","","12","12","河北省唐山市路南区南湖体育休闲示范区内","承德","http://ticket.lvmama.com/scenic-174044","http://pic.lvmama.com/uploads/pc/place2/2016-05-24/4527507d-c2c3-4e93-b4ab-f9186eb0b88c_180_120.jpg"
"115","白洋淀卓润建国温泉","","13.8","98","河北省保定市雄县白洋淀温泉城旅游路温泉城东500米","承德","http://ticket.lvmama.com/scenic-174044","http://pic.lvmama.com/uploads/pc/place2/2016-05-24/4527507d-c2c3-4e93-b4ab-f9186eb0b88c_180_120.jpg"
"116","锦绣水世界","","150","158","河北省石家庄市正定县中华北大街滹沱河景区云龙大桥河...","承德","http://ticket.lvmama.com/scenic-174044","http://pic.lvmama.com/uploads/pc/place2/2016-05-24/4527507d-c2c3-4e93-b4ab-f9186eb0b88c_180_120.jpg"
"117","恒河源天桥峪漂流","","69.9","69.9","河北省承德市兴隆县安子岭乡天桥峪村","承德","http://ticket.lvmama.com/scenic-174044","http://pic.lvmama.com/uploads/pc/place2/2016-05-24/4527507d-c2c3-4e93-b4ab-f9186eb0b88c_180_120.jpg"
"118","西部长青金蟾山","","158","426","河北省石家庄市鹿泉市白鹿泉乡梁庄村","承德","http://ticket.lvmama.com/scenic-174044","http://pic.lvmama.com/uploads/pc/place2/2016-05-24/4527507d-c2c3-4e93-b4ab-f9186eb0b88c_180_120.jpg"
"119","艺海假日酒店洗浴中心","","52","208","河北省石家庄市新华区和平西路395号,河北省人民医...","承德","http://ticket.lvmama.com/scenic-174044","http://pic.lvmama.com/uploads/pc/place2/2016-05-24/4527507d-c2c3-4e93-b4ab-f9186eb0b88c_180_120.jpg"
"120","石家庄植物园","","10","230","河北省石家庄市新华区植物园街与外环路交叉口北行，近...","承德","http://ticket.lvmama.com/scenic-174044","http://pic.lvmama.com/uploads/pc/place2/2016-05-24/4527507d-c2c3-4e93-b4ab-f9186eb0b88c_180_120.jpg"
"121","圣蓝海洋公园","","9.8","29.8","河北省秦皇岛市昌黎县昌黄路与沿海公路交口东北角","秦皇岛","http://ticket.lvmama.com/scenic-10642965","http://pic.lvmama.com/uploads/pc/place2/ctrip/photo/447328/7dce63bb1fe544772429057aa9a0a81f_180_120.jpg"
"122","幻影超人（廊坊店）","","109","109","广阳区尚品街九区1-1181室","秦皇岛","http://ticket.lvmama.com/scenic-10642965","http://pic.lvmama.com/uploads/pc/place2/ctrip/photo/447328/7dce63bb1fe544772429057aa9a0a81f_180_120.jpg"
"123","悦动格子（廊坊店）","","109","109","广阳区尚品街八区1-1177号","秦皇岛","http://ticket.lvmama.com/scenic-10642965","http://pic.lvmama.com/uploads/pc/place2/ctrip/photo/447328/7dce63bb1fe544772429057aa9a0a81f_180_120.jpg"
"124","塞那都冰雪世界","","19.9","19.9","河北省张家口市张北县小二台乡太子湖","秦皇岛","http://ticket.lvmama.com/scenic-10642965","http://pic.lvmama.com/uploads/pc/place2/ctrip/photo/447328/7dce63bb1fe544772429057aa9a0a81f_180_120.jpg"
"125","十里雪乡冰雪乐园","","9.8","9.8","石家庄桥西区红旗大街与汇明路交口西南角南行100米...","秦皇岛","http://ticket.lvmama.com/scenic-10642965","http://pic.lvmama.com/uploads/pc/place2/ctrip/photo/447328/7dce63bb1fe544772429057aa9a0a81f_180_120.jpg"
"126","同心岛冰雪嘉年华","","19.9","29.9","邢台市信都区守敬南路七里河同心岛","秦皇岛","http://ticket.lvmama.com/scenic-10642965","http://pic.lvmama.com/uploads/pc/place2/ctrip/photo/447328/7dce63bb1fe544772429057aa9a0a81f_180_120.jpg"
"127","伯驭体育马术俱乐部","","18.8","58.8","石家庄市长安区滹沱河建设管理处便民服务点西南100...","秦皇岛","http://ticket.lvmama.com/scenic-10642965","http://pic.lvmama.com/uploads/pc/place2/ctrip/photo/447328/7dce63bb1fe544772429057aa9a0a81f_180_120.jpg"
"128","廊坊澜亭水汇","","49","389","河北省廊坊市广阳区廊万路196号（新东方客运公司东...","秦皇岛","http://ticket.lvmama.com/scenic-10642965","http://pic.lvmama.com/uploads/pc/place2/ctrip/photo/447328/7dce63bb1fe544772429057aa9a0a81f_180_120.jpg"
"129","乐动儿童益智乐园","","18","20.8","河北省张家口市蔚县政府东50米","张家口","http://ticket.lvmama.com/scenic-12439972","http://pic.lvmama.com/uploads/pc/place2/ctrip/photo/2630063/0cb4e2c2bd6a7812da2a34aad9c62b91_180_120.jpg"
"130","文安鲁能生态旅游度假区","","50","50","河北省廊坊市文安县苏桥镇界围农场","张家口","http://ticket.lvmama.com/scenic-12439972","http://pic.lvmama.com/uploads/pc/place2/ctrip/photo/2630063/0cb4e2c2bd6a7812da2a34aad9c62b91_180_120.jpg"
"131","倒流水冰雪水乐园","","33","90","承德市兴隆县挂兰峪镇大鹿圈村鹿圈庄里南200米","张家口","http://ticket.lvmama.com/scenic-12439972","http://pic.lvmama.com/uploads/pc/place2/ctrip/photo/2630063/0cb4e2c2bd6a7812da2a34aad9c62b91_180_120.jpg"
"132","冶河冰雪乐园","","9.9","9.9","河北省石家庄市平山县平山镇富民北街秀水公园北300...","张家口","http://ticket.lvmama.com/scenic-12439972","http://pic.lvmama.com/uploads/pc/place2/ctrip/photo/2630063/0cb4e2c2bd6a7812da2a34aad9c62b91_180_120.jpg"
"133","左转汤泉水上乐园","","38","38","张家口市宣化区顾家营镇左家营村南2号院","张家口","http://ticket.lvmama.com/scenic-12439972","http://pic.lvmama.com/uploads/pc/place2/ctrip/photo/2630063/0cb4e2c2bd6a7812da2a34aad9c62b91_180_120.jpg"
"134","梵高星空艺术馆(石家庄店)","","39.9","39.9","石家庄市新华区中山西路东购银座商城5楼","张家口","http://ticket.lvmama.com/scenic-12439972","http://pic.lvmama.com/uploads/pc/place2/ctrip/photo/2630063/0cb4e2c2bd6a7812da2a34aad9c62b91_180_120.jpg"
"135","瑞美冰雪大世界","","20","50","迁安市永顺街道滦河文化产业园区黄台湖10号岛","张家口","http://ticket.lvmama.com/scenic-12439972","http://pic.lvmama.com/uploads/pc/place2/ctrip/photo/2630063/0cb4e2c2bd6a7812da2a34aad9c62b91_180_120.jpg"
"136","植物公园","","9.9","9.9","世纪大道北面","张家口","http://ticket.lvmama.com/scenic-12439972","http://pic.lvmama.com/uploads/pc/place2/ctrip/photo/2630063/0cb4e2c2bd6a7812da2a34aad9c62b91_180_120.jpg"
"137","金湖公园","","240","240","河北省保定市容城县金湖东路与金湖街交叉口西300米","保定","http://ticket.lvmama.com/scenic-12439759","http://pic.lvmama.com/uploads/pc/place2/ctrip/photo/2629669/fae2a66b5a310f390dc8bbf1197e90f0_180_120.jpg"
"138","悦容公园","","240","240","河北省保定市容城县幸福路与东方道交叉口东北500米","保定","http://ticket.lvmama.com/scenic-12439759","http://pic.lvmama.com/uploads/pc/place2/ctrip/photo/2629669/fae2a66b5a310f390dc8bbf1197e90f0_180_120.jpg"
"139","齐盘林山庄","","350","350","河北省唐山市迁安市长城大理石景区附近","保定","http://ticket.lvmama.com/scenic-12439759","http://pic.lvmama.com/uploads/pc/place2/ctrip/photo/2629669/fae2a66b5a310f390dc8bbf1197e90f0_180_120.jpg"
"140","龙海公园","","1","100","曲周县老邯临路与南开街交叉口西南角(近曲周县世纪文...","保定","http://ticket.lvmama.com/scenic-12439759","http://pic.lvmama.com/uploads/pc/place2/ctrip/photo/2629669/fae2a66b5a310f390dc8bbf1197e90f0_180_120.jpg"
"141","辛玛森林动物乐园","","24.9","399","河北省保定市容城县云塘西路10号雄安郊野公园内","保定","http://ticket.lvmama.com/scenic-12439759","http://pic.lvmama.com/uploads/pc/place2/ctrip/photo/2629669/fae2a66b5a310f390dc8bbf1197e90f0_180_120.jpg"
"142","金葫芦乐园","","49","49","河北省唐山市路南区汉沽管理区皂店村干渠路与团结东路...","保定","http://ticket.lvmama.com/scenic-12439759","http://pic.lvmama.com/uploads/pc/place2/ctrip/photo/2629669/fae2a66b5a310f390dc8bbf1197e90f0_180_120.jpg"
"143","溢泉湖文化公园","","30","30","邯郸市磁县107国道","保定","http://ticket.lvmama.com/scenic-12439759","http://pic.lvmama.com/uploads/pc/place2/ctrip/photo/2629669/fae2a66b5a310f390dc8bbf1197e90f0_180_120.jpg"
"144","滹沱河艺术生态岛","","29.9","29.9","石家庄市正定县","保定","http://ticket.lvmama.com/scenic-12439759","http://pic.lvmama.com/uploads/pc/place2/ctrip/photo/2629669/fae2a66b5a310f390dc8bbf1197e90f0_180_120.jpg"
"145","响堂山石窟艺术博物馆","","14","14","邯郸市峰峰矿区太行西路12号","邯郸","http://ticket.lvmama.com/scenic-12439049","http://pic.lvmama.com/uploads/pc/place2/ctrip/photo/2628546/db58422fd4e9c108e9609e26147f36d5_180_120.jpg"
"146","十里童话乐园","","35","35","河北省保定市竞秀区北二环与风能街交口西行50米路南...","邯郸","http://ticket.lvmama.com/scenic-12439049","http://pic.lvmama.com/uploads/pc/place2/ctrip/photo/2628546/db58422fd4e9c108e9609e26147f36d5_180_120.jpg"
"147","邢襄古镇彩虹乐园","","19.9","19.9","河北省邢台市信都区龙泉寺乡055乡道附近","邯郸","http://ticket.lvmama.com/scenic-12439049","http://pic.lvmama.com/uploads/pc/place2/ctrip/photo/2628546/db58422fd4e9c108e9609e26147f36d5_180_120.jpg"
"148","奥乐奥游乐园","","9.9","66","河北省沧州市海兴县海政路南兴盛街西","邯郸","http://ticket.lvmama.com/scenic-12439049","http://pic.lvmama.com/uploads/pc/place2/ctrip/photo/2628546/db58422fd4e9c108e9609e26147f36d5_180_120.jpg"
"149","揽月湾旅游景区","","9.9","159","河北省唐山市曹妃甸区通海路","邯郸","http://ticket.lvmama.com/scenic-12439049","http://pic.lvmama.com/uploads/pc/place2/ctrip/photo/2628546/db58422fd4e9c108e9609e26147f36d5_180_120.jpg"
"150","世界葡萄酒之窗","","30","30","河北省张家口市怀来县桑干酒庄斜对面","邯郸","http://ticket.lvmama.com/scenic-12439049","http://pic.lvmama.com/uploads/pc/place2/ctrip/photo/2628546/db58422fd4e9c108e9609e26147f36d5_180_120.jpg"
"151","广府荷花大观园","","19.9","28","河北省邯郸市永年区广府冰雕艺术馆西南侧120米","邯郸","http://ticket.lvmama.com/scenic-12439049","http://pic.lvmama.com/uploads/pc/place2/ctrip/photo/2628546/db58422fd4e9c108e9609e26147f36d5_180_120.jpg"
"152","渔田休闲渔业俱乐部","","210","11500","北戴河新区中国海监昌黎县大队西侧","邯郸","http://ticket.lvmama.com/scenic-12439049","http://pic.lvmama.com/uploads/pc/place2/ctrip/photo/2628546/db58422fd4e9c108e9609e26147f36d5_180_120.jpg"
"153","远村儿童乐园","","39.9","59.9","河北省廊坊市永清县刘街乡月亮海马业东北100米","廊坊","http://ticket.lvmama.com/scenic-12438647","http://pic.lvmama.com/uploads/pc/place2/ctrip/photo/2627902/14eca022bbf99ccce3d78d1be657fd36_180_120.jpg"
"154","风屿飞行航空飞行基地","","150","898","石家庄市井陉县S392衡井线","廊坊","http://ticket.lvmama.com/scenic-12438647","http://pic.lvmama.com/uploads/pc/place2/ctrip/photo/2627902/14eca022bbf99ccce3d78d1be657fd36_180_120.jpg"
"155","邯郸人工智能教育基地","","35","40","邯郸市邯山区创优路与经三街交叉口西行300米","廊坊","http://ticket.lvmama.com/scenic-12438647","http://pic.lvmama.com/uploads/pc/place2/ctrip/photo/2627902/14eca022bbf99ccce3d78d1be657fd36_180_120.jpg"
"156","石家庄海洋萌宠探索乐园","","29.9","85","石家庄市新华区联盟街道北二环与泰华街交汇处香格里小...","廊坊","http://ticket.lvmama.com/scenic-12438647","http://pic.lvmama.com/uploads/pc/place2/ctrip/photo/2627902/14eca022bbf99ccce3d78d1be657fd36_180_120.jpg"
"157","鸳鸯湖滑雪场","","120","888","河北省张家口市尚义县南壕堑镇马莲渠","廊坊","http://ticket.lvmama.com/scenic-12438647","http://pic.lvmama.com/uploads/pc/place2/ctrip/photo/2627902/14eca022bbf99ccce3d78d1be657fd36_180_120.jpg"
"158","猪猪亲子乐园","","56","56","河北省秦皇岛市山海关区龙海大道128号","廊坊","http://ticket.lvmama.com/scenic-12438647","http://pic.lvmama.com/uploads/pc/place2/ctrip/photo/2627902/14eca022bbf99ccce3d78d1be657fd36_180_120.jpg"
"159","鸭鸭探险岛","","68","68","河北省衡水市桃城区滨湖新区红旗南大街3369号","廊坊","http://ticket.lvmama.com/scenic-12438647","http://pic.lvmama.com/uploads/pc/place2/ctrip/photo/2627902/14eca022bbf99ccce3d78d1be657fd36_180_120.jpg"
"160","河间乐汤汇温泉生活汗蒸馆(沧州红太阳购物广场店)","","56","148","河北省沧州市河间京开北大街把红太阳购物广场五楼","廊坊","http://ticket.lvmama.com/scenic-12438647","http://pic.lvmama.com/uploads/pc/place2/ctrip/photo/2627902/14eca022bbf99ccce3d78d1be657fd36_180_120.jpg"
"161","新保安民俗馆","","25","25","河北省张家口市怀来县 新保安镇前进街","张家口","http://ticket.lvmama.com/scenic-12438222","http://pic.lvmama.com/uploads/pc/place2/ctrip/photo/2627073/d44b9ca946f61fdb79374709f9e9e101_180_120.jpg"
"162","阳光乐园","","26.9","46.9","河北省张家口市怀来县甲咀村往东2百米蓝天加油站东侧","张家口","http://ticket.lvmama.com/scenic-12438222","http://pic.lvmama.com/uploads/pc/place2/ctrip/photo/2627073/d44b9ca946f61fdb79374709f9e9e101_180_120.jpg"
"163","璧山景区","","24.9","29.9","河北省石家庄市井陉县苍岩山镇上坪村村南","张家口","http://ticket.lvmama.com/scenic-12438222","http://pic.lvmama.com/uploads/pc/place2/ctrip/photo/2627073/d44b9ca946f61fdb79374709f9e9e101_180_120.jpg"
"164","蒲公英精灵王国","","39","39","河北省石家庄市蒿城区黄石高速东三环岗上村村北","张家口","http://ticket.lvmama.com/scenic-12438222","http://pic.lvmama.com/uploads/pc/place2/ctrip/photo/2627073/d44b9ca946f61fdb79374709f9e9e101_180_120.jpg"
"165","大理石长城景区","","20","20","建昌营镇旅游路北110米","张家口","http://ticket.lvmama.com/scenic-12438222","http://pic.lvmama.com/uploads/pc/place2/ctrip/photo/2627073/d44b9ca946f61fdb79374709f9e9e101_180_120.jpg"
"166","草莓里无动力儿童乐园","","19.9","29.9","河北省承德市双滦区偏桥子镇大贵口村山谷驿站草莓里无...","张家口","http://ticket.lvmama.com/scenic-12438222","http://pic.lvmama.com/uploads/pc/place2/ctrip/photo/2627073/d44b9ca946f61fdb79374709f9e9e101_180_120.jpg"
"167","栗精灵创意乐园","","40","40","唐山市迁西县汉儿庄镇杨家峪村","张家口","http://ticket.lvmama.com/scenic-12438222","http://pic.lvmama.com/uploads/pc/place2/ctrip/photo/2627073/d44b9ca946f61fdb79374709f9e9e101_180_120.jpg"
"168","东玺庄园","","98","98","廊坊市大厂回族自治县夏垫镇北坞四村西","张家口","http://ticket.lvmama.com/scenic-12438222","http://pic.lvmama.com/uploads/pc/place2/ctrip/photo/2627073/d44b9ca946f61fdb79374709f9e9e101_180_120.jpg"
"169","半亩方塘","","29","69","唐山市丰南区景政路7号","唐山","http://ticket.lvmama.com/scenic-12437632","http://pic.lvmama.com/uploads/pc/place2/ctrip/photo/2625920/5e245336368cdb742223c78e7c379f65_180_120.jpg"
"170","林栖谷森林康养度假区","","78","248","河北省廊坊市永清县韩村镇柴庄子村首督路1号","唐山","http://ticket.lvmama.com/scenic-12437632","http://pic.lvmama.com/uploads/pc/place2/ctrip/photo/2625920/5e245336368cdb742223c78e7c379f65_180_120.jpg"
"171","五季树主题乐园","","9.9","19.9","河北省廊坊市广阳区采留线九州镇小伍龙村","唐山","http://ticket.lvmama.com/scenic-12437632","http://pic.lvmama.com/uploads/pc/place2/ctrip/photo/2625920/5e245336368cdb742223c78e7c379f65_180_120.jpg"
"172","尧王古镇","","9.9","9.9","河北省邯郸市邯山区光禄镇尧王庄村","唐山","http://ticket.lvmama.com/scenic-12437632","http://pic.lvmama.com/uploads/pc/place2/ctrip/photo/2625920/5e245336368cdb742223c78e7c379f65_180_120.jpg"
"173","河北骐骥野骑俱乐部","","29.9","88","河北省石家庄市正定县常山陵园往北150米路西","唐山","http://ticket.lvmama.com/scenic-12437632","http://pic.lvmama.com/uploads/pc/place2/ctrip/photo/2625920/5e245336368cdb742223c78e7c379f65_180_120.jpg"
"174","荆东小镇","","24.9","34.9","河北省廊坊市固安县彭村乡荆垡营东村","唐山","http://ticket.lvmama.com/scenic-12437632","http://pic.lvmama.com/uploads/pc/place2/ctrip/photo/2625920/5e245336368cdb742223c78e7c379f65_180_120.jpg"
"175","风之谷·郊野乐园","","29.9","49.9","河北省石家庄市藁城区岗上村富强大街文明路交叉口东行...","唐山","http://ticket.lvmama.com/scenic-12437632","http://pic.lvmama.com/uploads/pc/place2/ctrip/photo/2625920/5e245336368cdb742223c78e7c379f65_180_120.jpg"
"176","邢台海洋乐园","","9","598","邢台市襄都区经济开发区东汪镇长安路1288号","唐山","http://ticket.lvmama.com/scenic-12437632","http://pic.lvmama.com/uploads/pc/place2/ctrip/photo/2625920/5e245336368cdb742223c78e7c379f65_180_120.jpg"
"177","稻梦户外动物乐园","","298","298","河北省石家庄市藁城区藁城区岗上镇小丰村农业观光园","石家庄","http://ticket.lvmama.com/scenic-12437248","http://pic.lvmama.com/uploads/pc/place2/ctrip/photo/2625153/25d8d871532ae0dcdddab59b6f36872a_180_120.jpg"
"178","南高基七彩滑道","","10","10","南高基公园东北","石家庄","http://ticket.lvmama.com/scenic-12437248","http://pic.lvmama.com/uploads/pc/place2/ctrip/photo/2625153/25d8d871532ae0dcdddab59b6f36872a_180_120.jpg"
"179","原木森林亲子农场","","39.9","49.9","河北省涿州市豆庄镇京白路39号屈庄村口路东","石家庄","http://ticket.lvmama.com/scenic-12437248","http://pic.lvmama.com/uploads/pc/place2/ctrip/photo/2625153/25d8d871532ae0dcdddab59b6f36872a_180_120.jpg"
"180","忘忧湖萌宠乐园","","18.9","18.9","河北省邢台市内丘县柳林镇杨家庄村村北","石家庄","http://ticket.lvmama.com/scenic-12437248","http://pic.lvmama.com/uploads/pc/place2/ctrip/photo/2625153/25d8d871532ae0dcdddab59b6f36872a_180_120.jpg"
"181","国风·未来","","58","199","河北省石家庄市藁城区滹沱河西湖北岸","石家庄","http://ticket.lvmama.com/scenic-12437248","http://pic.lvmama.com/uploads/pc/place2/ctrip/photo/2625153/25d8d871532ae0dcdddab59b6f36872a_180_120.jpg"
"182","花乐园景区","","19.9","19.9","邢台市沙河市孔渡线","石家庄","http://ticket.lvmama.com/scenic-12437248","http://pic.lvmama.com/uploads/pc/place2/ctrip/photo/2625153/25d8d871532ae0dcdddab59b6f36872a_180_120.jpg"
"183","张家口市清河影视基地","","18","35","张家口市桥西区东窑子镇清河村退役军人服务站东北侧2...","石家庄","http://ticket.lvmama.com/scenic-12437248","http://pic.lvmama.com/uploads/pc/place2/ctrip/photo/2625153/25d8d871532ae0dcdddab59b6f36872a_180_120.jpg"
"184","福豪水汇","","39","39","河北省承德市双滦区元宝山大街9号维利多得酒店院内西...","石家庄","http://ticket.lvmama.com/scenic-12437248","http://pic.lvmama.com/uploads/pc/place2/ctrip/photo/2625153/25d8d871532ae0dcdddab59b6f36872a_180_120.jpg"
"185","吉吉萌宠王国","","49","799","河北省秦皇岛市海港区太阳城新天地广场二楼","秦皇岛","http://ticket.lvmama.com/scenic-12436821","http://pic.lvmama.com/uploads/pc/place2/ctrip/photo/2624303/5a1d49c3b2e616205daf1f98305c2dba_180_120.jpg"
"186","响堂山风景区","","56","60","河北省邯郸市峰峰矿区和村镇响堂山风景区","秦皇岛","http://ticket.lvmama.com/scenic-12436821","http://pic.lvmama.com/uploads/pc/place2/ctrip/photo/2624303/5a1d49c3b2e616205daf1f98305c2dba_180_120.jpg"
"187","大境门景区","","12","12","张家口市桥西区明德北路与正沟街交叉口","秦皇岛","http://ticket.lvmama.com/scenic-12436821","http://pic.lvmama.com/uploads/pc/place2/ctrip/photo/2624303/5a1d49c3b2e616205daf1f98305c2dba_180_120.jpg"
"188","郊野活力小镇","","39.9","109","河北省保定市容城县郊野公园云塘东路2-1号八于乡雄...","秦皇岛","http://ticket.lvmama.com/scenic-12436821","http://pic.lvmama.com/uploads/pc/place2/ctrip/photo/2624303/5a1d49c3b2e616205daf1f98305c2dba_180_120.jpg"
"189","瀑河欢乐世界","","28","71","河北省保定市徐水区朝阳大街瀑河欢乐世界","秦皇岛","http://ticket.lvmama.com/scenic-12436821","http://pic.lvmama.com/uploads/pc/place2/ctrip/photo/2624303/5a1d49c3b2e616205daf1f98305c2dba_180_120.jpg"
"190","觅道31号营地","","35","49.9","河北省石家庄市灵寿县北洼乡觅道31号营地","秦皇岛","http://ticket.lvmama.com/scenic-12436821","http://pic.lvmama.com/uploads/pc/place2/ctrip/photo/2624303/5a1d49c3b2e616205daf1f98305c2dba_180_120.jpg"
"191","杉林部落","","19.9","49.9","河北省保定市涿州市东城坊镇中国农业大学涿州教学实验...","秦皇岛","http://ticket.lvmama.com/scenic-12436821","http://pic.lvmama.com/uploads/pc/place2/ctrip/photo/2624303/5a1d49c3b2e616205daf1f98305c2dba_180_120.jpg"
"192","石洞酒海洞藏酒基地","","5.9","11.8","石家庄市井陉县吴家窑乡石佛村","秦皇岛","http://ticket.lvmama.com/scenic-12436821","http://pic.lvmama.com/uploads/pc/place2/ctrip/photo/2624303/5a1d49c3b2e616205daf1f98305c2dba_180_120.jpg"
"193","避暑山庄博物馆","","200","200","河北省承德市双滦区避暑山庄园内","承德","http://ticket.lvmama.com/scenic-12436325","http://pic.lvmama.com/uploads/pc/place2/ctrip/photo/2623560/4453163aa5f6bf12ca1100c2262d1ced_180_120.jpg"
"194","澜湾水汇","","59","59","河北省廊坊市大城县正大街9号帝景花园底商","承德","http://ticket.lvmama.com/scenic-12436325","http://pic.lvmama.com/uploads/pc/place2/ctrip/photo/2623560/4453163aa5f6bf12ca1100c2262d1ced_180_120.jpg"
"195","万清绿水汤泉生活馆","","28.8","129","河北省唐山市路北区北新西道159号","承德","http://ticket.lvmama.com/scenic-12436325","http://pic.lvmama.com/uploads/pc/place2/ctrip/photo/2623560/4453163aa5f6bf12ca1100c2262d1ced_180_120.jpg"
"196","长果乐园","","10","39.9","河北省石家庄市新乐市木刀沟生态园区东侧","承德","http://ticket.lvmama.com/scenic-12436325","http://pic.lvmama.com/uploads/pc/place2/ctrip/photo/2623560/4453163aa5f6bf12ca1100c2262d1ced_180_120.jpg"
"197","郊野公园秦皇岛园海洋馆","","42","119","河北省雄安新区容城郊野公园云塘东路1号","承德","http://ticket.lvmama.com/scenic-12436325","http://pic.lvmama.com/uploads/pc/place2/ctrip/photo/2623560/4453163aa5f6bf12ca1100c2262d1ced_180_120.jpg"
"198","万龙度假天堂","","479","1409","张家口市崇礼区红花梁","承德","http://ticket.lvmama.com/scenic-12436325","http://pic.lvmama.com/uploads/pc/place2/ctrip/photo/2623560/4453163aa5f6bf12ca1100c2262d1ced_180_120.jpg"
"199","事竞成滑雪场","","9.9","9.9","沧州市在沧县纸房头乡周庄子村北","承德","http://ticket.lvmama.com/scenic-12436325","http://pic.lvmama.com/uploads/pc/place2/ctrip/photo/2623560/4453163aa5f6bf12ca1100c2262d1ced_180_120.jpg"
"200","赵王印象城","","19.9","88","邯郸市广平镇赵王路","承德","http://ticket.lvmama.com/scenic-12436325","http://pic.lvmama.com/uploads/pc/place2/ctrip/photo/2623560/4453163aa5f6bf12ca1100c2262d1ced_180_120.jpg"
"201","圣托里尼·蓝顶海景温泉","","39.9","40","河北省秦皇岛市海港区东港路2号菲拉休闲旅游度假区院...","秦皇岛","http://ticket.lvmama.com/scenic-12435847","http://pic.lvmama.com/uploads/pc/place2/ctrip/photo/2622520/e5f17d1e812701fbcba327e91e6f17ca_180_120.jpg"
"202","嗨熊猫亲子乐园","","19.9","33","河北省邢台市信都区邢和公路和抗大路交叉口南侧","秦皇岛","http://ticket.lvmama.com/scenic-12435847","http://pic.lvmama.com/uploads/pc/place2/ctrip/photo/2622520/e5f17d1e812701fbcba327e91e6f17ca_180_120.jpg"
"203","青青牧场","","199","199","河北省保定市涞源县白石山镇菜村岗村","秦皇岛","http://ticket.lvmama.com/scenic-12435847","http://pic.lvmama.com/uploads/pc/place2/ctrip/photo/2622520/e5f17d1e812701fbcba327e91e6f17ca_180_120.jpg"
"204","康都水汇","","29.9","39.9","河北省邯郸市成安县聚良大道35号","秦皇岛","http://ticket.lvmama.com/scenic-12435847","http://pic.lvmama.com/uploads/pc/place2/ctrip/photo/2622520/e5f17d1e812701fbcba327e91e6f17ca_180_120.jpg"
"205","乱刀峪","","35","35","河北省秦皇岛市抚宁区大新寨镇大石窟村乱刀峪景区","秦皇岛","http://ticket.lvmama.com/scenic-12435847","http://pic.lvmama.com/uploads/pc/place2/ctrip/photo/2622520/e5f17d1e812701fbcba327e91e6f17ca_180_120.jpg"
"206","秦皇岛市玻璃博物馆","","7","7","秦皇岛市海港区文化路44号","秦皇岛","http://ticket.lvmama.com/scenic-12435847","http://pic.lvmama.com/uploads/pc/place2/ctrip/photo/2622520/e5f17d1e812701fbcba327e91e6f17ca_180_120.jpg"
"207","碹窑艺术小镇","","25","25","河北省张家口市怀安县怀安第六屯乡常家沟村","秦皇岛","http://ticket.lvmama.com/scenic-12435847","http://pic.lvmama.com/uploads/pc/place2/ctrip/photo/2622520/e5f17d1e812701fbcba327e91e6f17ca_180_120.jpg"
"208","周公山","","45","60","邢台市邢台县路罗镇桃树坪村西北","秦皇岛","http://ticket.lvmama.com/scenic-12435847","http://pic.lvmama.com/uploads/pc/place2/ctrip/photo/2622520/e5f17d1e812701fbcba327e91e6f17ca_180_120.jpg"
"209","北极童话雪乡","","15","15","石家庄市中华北大街与学府路交口东行200米路南（经...","石家庄","http://ticket.lvmama.com/scenic-12365131","http://pic.lvmama.com/uploads/pc/place2/ctrip/photo/2621406/c09679e26fa813542c53bf2015332e25_180_120.jpg"
"210","糖汇漫生活","","39","89","河北省唐山市路北区大里北路280号","石家庄","http://ticket.lvmama.com/scenic-12365131","http://pic.lvmama.com/uploads/pc/place2/ctrip/photo/2621406/c09679e26fa813542c53bf2015332e25_180_120.jpg"
"211","新绎农场冰雪嘉年华","","9.9","19.9","刘其营乡恒山南路","石家庄","http://ticket.lvmama.com/scenic-12365131","http://pic.lvmama.com/uploads/pc/place2/ctrip/photo/2621406/c09679e26fa813542c53bf2015332e25_180_120.jpg"
"212","南和嘉年华主题乐园","","9.9","19.9","邢台市南和区s325与中兴东大街交叉口，距南和农业...","石家庄","http://ticket.lvmama.com/scenic-12365131","http://pic.lvmama.com/uploads/pc/place2/ctrip/photo/2621406/c09679e26fa813542c53bf2015332e25_180_120.jpg"
"213","金山岭国际滑雪场","","169","899","河北省承德市滦平县长山峪镇金山岭国际滑雪旅游度假区","石家庄","http://ticket.lvmama.com/scenic-12365131","http://pic.lvmama.com/uploads/pc/place2/ctrip/photo/2621406/c09679e26fa813542c53bf2015332e25_180_120.jpg"
"214","天梯山冰雪乐园","","75","95","河北省邢台市信都区抗大路天梯山景区对面","石家庄","http://ticket.lvmama.com/scenic-12365131","http://pic.lvmama.com/uploads/pc/place2/ctrip/photo/2621406/c09679e26fa813542c53bf2015332e25_180_120.jpg"
"215","骞海沐悦温泉","","29.9","46","张家口市宣化区皇城桥路皇城大厦三楼","石家庄","http://ticket.lvmama.com/scenic-12365131","http://pic.lvmama.com/uploads/pc/place2/ctrip/photo/2621406/c09679e26fa813542c53bf2015332e25_180_120.jpg"
"216","抱香谷","","38","38","河北省邢台市信都区龙泉寺乡北和庄村村北","石家庄","http://ticket.lvmama.com/scenic-12365131","http://pic.lvmama.com/uploads/pc/place2/ctrip/photo/2621406/c09679e26fa813542c53bf2015332e25_180_120.jpg"
"217","天域温泉庄园","","55","55","承德市隆化县七家镇天域温泉","承德","http://ticket.lvmama.com/scenic-12306331","http://pic.lvmama.com/uploads/pc/place2/ctrip/photo/2618280/e02f46000862c3df6920436f84645b36_180_120.jpg"
"218","小火车主题乐园","","29.9","68","河北省唐山市开平区唐山花海北区南二门3号智慧生活馆","承德","http://ticket.lvmama.com/scenic-12306331","http://pic.lvmama.com/uploads/pc/place2/ctrip/photo/2618280/e02f46000862c3df6920436f84645b36_180_120.jpg"
"219","御龙河公园","","9.9","198","河北省廊坊市安次区杨税务镇安铭道","承德","http://ticket.lvmama.com/scenic-12306331","http://pic.lvmama.com/uploads/pc/place2/ctrip/photo/2618280/e02f46000862c3df6920436f84645b36_180_120.jpg"
"220","渔渡一号海上休闲渔业平台","","59","59","河北省秦皇岛市东港路120号","承德","http://ticket.lvmama.com/scenic-12306331","http://pic.lvmama.com/uploads/pc/place2/ctrip/photo/2618280/e02f46000862c3df6920436f84645b36_180_120.jpg"
"221","黄金沙滩","","29.9","49.9","石家庄市正定县滹沱河叶子广场(南岸)","承德","http://ticket.lvmama.com/scenic-12306331","http://pic.lvmama.com/uploads/pc/place2/ctrip/photo/2618280/e02f46000862c3df6920436f84645b36_180_120.jpg"
"222","绿溪谷风景区","","50","50","承德市兴隆县南天门乡南天门村","承德","http://ticket.lvmama.com/scenic-12306331","http://pic.lvmama.com/uploads/pc/place2/ctrip/photo/2618280/e02f46000862c3df6920436f84645b36_180_120.jpg"
"223","园博动物园","","45","110","河北省邯郸市复兴区齐村牌坊北侧","承德","http://ticket.lvmama.com/scenic-12306331","http://pic.lvmama.com/uploads/pc/place2/ctrip/photo/2618280/e02f46000862c3df6920436f84645b36_180_120.jpg"
"224","云花溪谷景区","","7","7","河北省保定市阜平县面盆村","承德","http://ticket.lvmama.com/scenic-12306331","http://pic.lvmama.com/uploads/pc/place2/ctrip/photo/2618280/e02f46000862c3df6920436f84645b36_180_120.jpg"
"225","安远庙","","50","50","河北省承德市双桥区避暑山庄东北","承德","http://ticket.lvmama.com/scenic-170161","http://pic.lvmama.com/uploads/pc/place2/ctrip/photo/2614982/ceec10bcb3bf492dd12b23cb9d0a9121_180_120.jpg"
"226","正定古城樱花小镇","","60","100","石家庄市正定县吴兴村","承德","http://ticket.lvmama.com/scenic-170161","http://pic.lvmama.com/uploads/pc/place2/ctrip/photo/2614982/ceec10bcb3bf492dd12b23cb9d0a9121_180_120.jpg"
"227","定州黄家营葡萄酒庄","","9.9","9.9","保定市定州市东亭镇382省道东胜生态园内","承德","http://ticket.lvmama.com/scenic-170161","http://pic.lvmama.com/uploads/pc/place2/ctrip/photo/2614982/ceec10bcb3bf492dd12b23cb9d0a9121_180_120.jpg"
"228","张家口达华建国酒店温泉","","58","58","张家口市涿鹿县矾山镇张家口达华建国酒店","承德","http://ticket.lvmama.com/scenic-170161","http://pic.lvmama.com/uploads/pc/place2/ctrip/photo/2614982/ceec10bcb3bf492dd12b23cb9d0a9121_180_120.jpg"
"229","南高基滑雪场","","20","189","石家庄市新华区月牙路南高基公园","承德","http://ticket.lvmama.com/scenic-170161","http://pic.lvmama.com/uploads/pc/place2/ctrip/photo/2614982/ceec10bcb3bf492dd12b23cb9d0a9121_180_120.jpg"
"230","御水湾天然温泉","","9.9","395","秦皇岛市青龙满族自治县温泉村","承德","http://ticket.lvmama.com/scenic-170161","http://pic.lvmama.com/uploads/pc/place2/ctrip/photo/2614982/ceec10bcb3bf492dd12b23cb9d0a9121_180_120.jpg"
"231","七山滑雪度假区","","99","3280","保定市涞源县白石山镇西龙虎村","承德","http://ticket.lvmama.com/scenic-170161","http://pic.lvmama.com/uploads/pc/place2/ctrip/photo/2614982/ceec10bcb3bf492dd12b23cb9d0a9121_180_120.jpg"
"232","无极山滑雪场","","59.9","1899","石家庄市元氏县苏村乡岳庄庄西南","承德","http://ticket.lvmama.com/scenic-170161","http://pic.lvmama.com/uploads/pc/place2/ctrip/photo/2614982/ceec10bcb3bf492dd12b23cb9d0a9121_180_120.jpg"
"233","福宝乐园","","35.9","35.9","石家庄市正定县正定镇塔元庄村塔元庄乡村振兴示范园西...","石家庄","http://ticket.lvmama.com/scenic-12217923","http://pic.lvmama.com/uploads/pc/place2/ctrip/photo/2613111/5e5537d7941c8e3a94823ebc89251cfc_180_120.jpg"
"234","冀南山底抗日地道遗址","","20","74","邯郸市峰峰矿区义井镇山底村","石家庄","http://ticket.lvmama.com/scenic-12217923","http://pic.lvmama.com/uploads/pc/place2/ctrip/photo/2613111/5e5537d7941c8e3a94823ebc89251cfc_180_120.jpg"
"235","趣太空？航天科技体验馆","","19.9","109.9","石家庄市长安区东大街3号国际科技博览活动中心三楼","石家庄","http://ticket.lvmama.com/scenic-12217923","http://pic.lvmama.com/uploads/pc/place2/ctrip/photo/2613111/5e5537d7941c8e3a94823ebc89251cfc_180_120.jpg"
"236","邯郸园博园","","7","7","邯郸市复兴区建设北大街519号","石家庄","http://ticket.lvmama.com/scenic-12217923","http://pic.lvmama.com/uploads/pc/place2/ctrip/photo/2613111/5e5537d7941c8e3a94823ebc89251cfc_180_120.jpg"
"237","净觉寺","","19.9","19.9","唐山市玉田县蛮子营村东","石家庄","http://ticket.lvmama.com/scenic-12217923","http://pic.lvmama.com/uploads/pc/place2/ctrip/photo/2613111/5e5537d7941c8e3a94823ebc89251cfc_180_120.jpg"
"238","杨露禅故居","","10","10","邯郸市永年区广府专线","石家庄","http://ticket.lvmama.com/scenic-12217923","http://pic.lvmama.com/uploads/pc/place2/ctrip/photo/2613111/5e5537d7941c8e3a94823ebc89251cfc_180_120.jpg"
"239","瑞阁温泉酒店温泉中心","","139","397","","石家庄","http://ticket.lvmama.com/scenic-12217923","http://pic.lvmama.com/uploads/pc/place2/ctrip/photo/2613111/5e5537d7941c8e3a94823ebc89251cfc_180_120.jpg"
"240","法米动物园","","98","128","石家庄市长安区建设北大街38号蜂巢购物中心7楼","石家庄","http://ticket.lvmama.com/scenic-12217923","http://pic.lvmama.com/uploads/pc/place2/ctrip/photo/2613111/5e5537d7941c8e3a94823ebc89251cfc_180_120.jpg"
"241","渔岛菲奢尔海景温泉","","99","99","秦皇岛市北戴河新区赤洋口片区滨海新大道D4段东侧渔...","秦皇岛","http://ticket.lvmama.com/scenic-12216335","http://pic.lvmama.com/uploads/pc/place2/ctrip/photo/2611332/5c38741f8a6e99b4f2f163fa18abe4de_180_120.jpg"
"242","霸州名泉温泉酒店温泉","","69.9","128","廊坊市霸州市金各庄兴华北路","秦皇岛","http://ticket.lvmama.com/scenic-12216335","http://pic.lvmama.com/uploads/pc/place2/ctrip/photo/2611332/5c38741f8a6e99b4f2f163fa18abe4de_180_120.jpg"
"243","邯郸朱山乐园","","52","1065","邯郸市永年县合会镇吴庄村村北","秦皇岛","http://ticket.lvmama.com/scenic-12216335","http://pic.lvmama.com/uploads/pc/place2/ctrip/photo/2611332/5c38741f8a6e99b4f2f163fa18abe4de_180_120.jpg"
"244","金水湾温泉度假村","","85.1","88","河北省承德市隆化县七家镇温泉村","秦皇岛","http://ticket.lvmama.com/scenic-12216335","http://pic.lvmama.com/uploads/pc/place2/ctrip/photo/2611332/5c38741f8a6e99b4f2f163fa18abe4de_180_120.jpg"
"245","南戴河","","117.5","237","河北省秦皇岛市沿海公路","秦皇岛","http://ticket.lvmama.com/scenic-12216335","http://pic.lvmama.com/uploads/pc/place2/ctrip/photo/2611332/5c38741f8a6e99b4f2f163fa18abe4de_180_120.jpg"
"246","紫云山松果乐园","","7","7","秦皇岛市海港区民族北路西（紫云山滑雪场）","秦皇岛","http://ticket.lvmama.com/scenic-12216335","http://pic.lvmama.com/uploads/pc/place2/ctrip/photo/2611332/5c38741f8a6e99b4f2f163fa18abe4de_180_120.jpg"
"247","清风峡风景区","","39.9","99","石家庄市平山县北冶乡清风村东南","秦皇岛","http://ticket.lvmama.com/scenic-12216335","http://pic.lvmama.com/uploads/pc/place2/ctrip/photo/2611332/5c38741f8a6e99b4f2f163fa18abe4de_180_120.jpg"
"248","仙人峪景区","","28","28","保定市涞源县城西15公里处","秦皇岛","http://ticket.lvmama.com/scenic-12216335","http://pic.lvmama.com/uploads/pc/place2/ctrip/photo/2611332/5c38741f8a6e99b4f2f163fa18abe4de_180_120.jpg"
"249","中华三祖圣地黄帝城遗址文化旅游区","","57","118","张家口市涿鹿县矾山镇","张家口","http://ticket.lvmama.com/scenic-12214283","http://pic.lvmama.com/uploads/pc/place2/ctrip/photo/2608858/faf5c7396c38d5ff179e1448676e2079_180_120.jpg"
"250","天保那苏图草原旅游度假区","","7","7","张家口市-张北县-张北镇","张家口","http://ticket.lvmama.com/scenic-12214283","http://pic.lvmama.com/uploads/pc/place2/ctrip/photo/2608858/faf5c7396c38d5ff179e1448676e2079_180_120.jpg"
"251","中国马镇舞马世界主题乐园","","10","10","河北省承德市丰宁县大滩镇向北6公里","张家口","http://ticket.lvmama.com/scenic-12214283","http://pic.lvmama.com/uploads/pc/place2/ctrip/photo/2608858/faf5c7396c38d5ff179e1448676e2079_180_120.jpg"
"252","傍水崖风景区","","49","49","秦皇岛市海港区石门寨镇北未庄村","张家口","http://ticket.lvmama.com/scenic-12214283","http://pic.lvmama.com/uploads/pc/place2/ctrip/photo/2608858/faf5c7396c38d5ff179e1448676e2079_180_120.jpg"
"253","三妙峰","","39.7","79.3","保定市顺平县神南镇","张家口","http://ticket.lvmama.com/scenic-12214283","http://pic.lvmama.com/uploads/pc/place2/ctrip/photo/2608858/faf5c7396c38d5ff179e1448676e2079_180_120.jpg"
"254","天河山","","64","70","河北省邢台市白岸乡清泉村","张家口","http://ticket.lvmama.com/scenic-12214283","http://pic.lvmama.com/uploads/pc/place2/ctrip/photo/2608858/faf5c7396c38d5ff179e1448676e2079_180_120.jpg"
"255","保定市动物园","","10","10","保定市保定莲池区永华南大街688号","张家口","http://ticket.lvmama.com/scenic-12214283","http://pic.lvmama.com/uploads/pc/place2/ctrip/photo/2608858/faf5c7396c38d5ff179e1448676e2079_180_120.jpg"
"256","赵王欢乐城","","6.8","29.9","邯郸市广平县广安路东湖公园","张家口","http://ticket.lvmama.com/scenic-12214283","http://pic.lvmama.com/uploads/pc/place2/ctrip/photo/2608858/faf5c7396c38d5ff179e1448676e2079_180_120.jpg"
"257","正迪欢乐世界","","30","30","河北省保定市南市区裕华西路264号,直隶总督署对面","保定","http://ticket.lvmama.com/scenic-101513","http://pic.lvmama.com/uploads/pc/place2/ctrip/photo/2607097/7e72af5e635fc9fead532d45f9289f52_180_120.jpg"
"258","佛山滑雪滑草乐园","","35","55","河北省邯郸市永年区广府大街西头佛山景区","保定","http://ticket.lvmama.com/scenic-101513","http://pic.lvmama.com/uploads/pc/place2/ctrip/photo/2607097/7e72af5e635fc9fead532d45f9289f52_180_120.jpg"
"259","邢台紫金山","","30","30","河北省邢台县白岸乡前坪村","保定","http://ticket.lvmama.com/scenic-101513","http://pic.lvmama.com/uploads/pc/place2/ctrip/photo/2607097/7e72af5e635fc9fead532d45f9289f52_180_120.jpg"
"260","扁鹊庙","","10","10","河北省邢台市内丘县","保定","http://ticket.lvmama.com/scenic-101513","http://pic.lvmama.com/uploads/pc/place2/ctrip/photo/2607097/7e72af5e635fc9fead532d45f9289f52_180_120.jpg"
"261","圣井岗","","7","7","河北省邯郸市","保定","http://ticket.lvmama.com/scenic-101513","http://pic.lvmama.com/uploads/pc/place2/ctrip/photo/2607097/7e72af5e635fc9fead532d45f9289f52_180_120.jpg"
"262","邺城铜雀三台遗址公园","","7","7","河北省邯郸市临漳县香菜营乡","保定","http://ticket.lvmama.com/scenic-101513","http://pic.lvmama.com/uploads/pc/place2/ctrip/photo/2607097/7e72af5e635fc9fead532d45f9289f52_180_120.jpg"
"263","鸡鸣驿古城","","36","36","河北省张家口市怀来县鸡鸣驿乡鸡鸣驿村","保定","http://ticket.lvmama.com/scenic-101513","http://pic.lvmama.com/uploads/pc/place2/ctrip/photo/2607097/7e72af5e635fc9fead532d45f9289f52_180_120.jpg"
"264","赵云庙","","10","10","河北省石家庄市正定县兴荣路东头(近正定县科技馆)","保定","http://ticket.lvmama.com/scenic-101513","http://pic.lvmama.com/uploads/pc/place2/ctrip/photo/2607097/7e72af5e635fc9fead532d45f9289f52_180_120.jpg"
"265","菩提岛","","9","9","河北省唐山市乐亭县渤海湾","唐山","http://ticket.lvmama.com/scenic-102152","http://pic.lvmama.com/uploads/pc/place2/2015-06-18/694cf9d5-1200-4ada-81c1-27a20efc7f18_180_120.jpg"
"266","地球科学博物院","","7","7","河北邯郸市磁县台城乡（邯郸机场门口西行3000米）","唐山","http://ticket.lvmama.com/scenic-102152","http://pic.lvmama.com/uploads/pc/place2/2015-06-18/694cf9d5-1200-4ada-81c1-27a20efc7f18_180_120.jpg"
"267","武安长寿村","","9","9","河北省武安市活水乡长寿村","唐山","http://ticket.lvmama.com/scenic-102152","http://pic.lvmama.com/uploads/pc/place2/2015-06-18/694cf9d5-1200-4ada-81c1-27a20efc7f18_180_120.jpg"
"268","武华山","","7","7","河北武安市西北52公里的活水乡后柏坡村南","唐山","http://ticket.lvmama.com/scenic-102152","http://pic.lvmama.com/uploads/pc/place2/2015-06-18/694cf9d5-1200-4ada-81c1-27a20efc7f18_180_120.jpg"
"269","中国爱情山（邢台天河山）","","9","9","河北省邢台县白岸乡清泉村（邢左公路西行65公里）天...","唐山","http://ticket.lvmama.com/scenic-102152","http://pic.lvmama.com/uploads/pc/place2/2015-06-18/694cf9d5-1200-4ada-81c1-27a20efc7f18_180_120.jpg"
"270","双塔山","","200","200","河北省承德市双滦区双塔山镇","唐山","http://ticket.lvmama.com/scenic-102152","http://pic.lvmama.com/uploads/pc/place2/2015-06-18/694cf9d5-1200-4ada-81c1-27a20efc7f18_180_120.jpg"
"271","禅林寺古银杏风景园","","43.9","43.9","河北省遵化市东北侯家寨乡","唐山","http://ticket.lvmama.com/scenic-102152","http://pic.lvmama.com/uploads/pc/place2/2015-06-18/694cf9d5-1200-4ada-81c1-27a20efc7f18_180_120.jpg"
"272","磬锤峰国家森林公园","","9","25","河北省承德市承德县普乐北路东侧","唐山","http://ticket.lvmama.com/scenic-102152","http://pic.lvmama.com/uploads/pc/place2/2015-06-18/694cf9d5-1200-4ada-81c1-27a20efc7f18_180_120.jpg"
"273","塞罕坝国家森林公园","","10","10","河北省承德市围场满族蒙古族自治县北部","承德","http://ticket.lvmama.com/scenic-100559","http://pic.lvmama.com/uploads/pc/place2/ctrip/photo/254097/a97f36979972a5e83177bd5a33b9fc80_180_120.jpg"
"274","驼梁风景区","","16","16","河北省平山县驼梁景区管理委员会（平山县合河口乡前大...","承德","http://ticket.lvmama.com/scenic-100559","http://pic.lvmama.com/uploads/pc/place2/ctrip/photo/254097/a97f36979972a5e83177bd5a33b9fc80_180_120.jpg"
"275","九峰山","","20","40","河北省邯郸市涉县九峰山","承德","http://ticket.lvmama.com/scenic-100559","http://pic.lvmama.com/uploads/pc/place2/ctrip/photo/254097/a97f36979972a5e83177bd5a33b9fc80_180_120.jpg"
"276","正定隆兴寺","","9","9","河北省石家庄市正定县中山东路109号","承德","http://ticket.lvmama.com/scenic-100559","http://pic.lvmama.com/uploads/pc/place2/ctrip/photo/254097/a97f36979972a5e83177bd5a33b9fc80_180_120.jpg"
"277","封龙山","","20","20","河北省石家庄市元氏县和鹿泉市境内。","承德","http://ticket.lvmama.com/scenic-100559","http://pic.lvmama.com/uploads/pc/place2/ctrip/photo/254097/a97f36979972a5e83177bd5a33b9fc80_180_120.jpg"
"278","邢台大峡谷","","48","48","河北省邢台县西南路罗镇贺家坪村","承德","http://ticket.lvmama.com/scenic-100559","http://pic.lvmama.com/uploads/pc/place2/ctrip/photo/254097/a97f36979972a5e83177bd5a33b9fc80_180_120.jpg"
"279","嶂石岩","","99","102.8","河北省石家庄市赞皇县嶂石岩乡嶂石岩村","承德","http://ticket.lvmama.com/scenic-100559","http://pic.lvmama.com/uploads/pc/place2/ctrip/photo/254097/a97f36979972a5e83177bd5a33b9fc80_180_120.jpg"
"280","魁星楼","","200","200","河北省承德市双桥区环城南路","承德","http://ticket.lvmama.com/scenic-100559","http://pic.lvmama.com/uploads/pc/place2/ctrip/photo/254097/a97f36979972a5e83177bd5a33b9fc80_180_120.jpg"
"281","京娘湖","","80","105","河北省邯郸市武安市西北部山区的口上村北","邯郸","http://ticket.lvmama.com/scenic-100221","http://pic.lvmama.com/uploads/pc/place2/2017-05-16/35a5e319-d0d0-47d9-94ad-7bea4070fb8d_180_120.jpg"
"282","娲皇宫","","68","68","河北省邯郸市涉县索堡","邯郸","http://ticket.lvmama.com/scenic-100221","http://pic.lvmama.com/uploads/pc/place2/2017-05-16/35a5e319-d0d0-47d9-94ad-7bea4070fb8d_180_120.jpg"
"283","邢台天梯山景区","","10","10","河北省邢台市西东牛庄","邯郸","http://ticket.lvmama.com/scenic-100221","http://pic.lvmama.com/uploads/pc/place2/2017-05-16/35a5e319-d0d0-47d9-94ad-7bea4070fb8d_180_120.jpg"
"284","河北鸡鸣山旅游景区","","27","27","河北省张家口市下花园区鸡鸣山旅游景区","邯郸","http://ticket.lvmama.com/scenic-100221","http://pic.lvmama.com/uploads/pc/place2/2017-05-16/35a5e319-d0d0-47d9-94ad-7bea4070fb8d_180_120.jpg"
"285","太行五指山滑雪场","","68","69.9","河北省邯郸市涉县河南店镇南庄村","邯郸","http://ticket.lvmama.com/scenic-100221","http://pic.lvmama.com/uploads/pc/place2/2017-05-16/35a5e319-d0d0-47d9-94ad-7bea4070fb8d_180_120.jpg"
"286","大型室内史诗演出《长城》","","7","7","河北省秦皇岛市山海关城南5公里处","邯郸","http://ticket.lvmama.com/scenic-100221","http://pic.lvmama.com/uploads/pc/place2/2017-05-16/35a5e319-d0d0-47d9-94ad-7bea4070fb8d_180_120.jpg"
"287","九龙峡","","55","78","河北省邢台市浆水镇营房台村","邯郸","http://ticket.lvmama.com/scenic-100221","http://pic.lvmama.com/uploads/pc/place2/2017-05-16/35a5e319-d0d0-47d9-94ad-7bea4070fb8d_180_120.jpg"
"288","抱犊寨","","7","7","河北省石家庄市西的鹿泉市城西","邯郸","http://ticket.lvmama.com/scenic-100221","http://pic.lvmama.com/uploads/pc/place2/2017-05-16/35a5e319-d0d0-47d9-94ad-7bea4070fb8d_180_120.jpg"
"289","秦皇古道","","20","20","河北省石家庄市井陉县城东北4公里","石家庄","http://ticket.lvmama.com/scenic-106787","http://pic.lvmama.com/uploads/pc/place2/ctrip/photo/182609/ac8c150ad74f9a5bb19af4928cf4e447_180_120.jpg"
"290","山海关古城景区","","15","15","河北省秦皇岛市山海关区东大街1号","石家庄","http://ticket.lvmama.com/scenic-106787","http://pic.lvmama.com/uploads/pc/place2/ctrip/photo/182609/ac8c150ad74f9a5bb19af4928cf4e447_180_120.jpg"
"291","吴桥杂技大世界","","100","220","河北省沧州市吴桥县京福路1号","石家庄","http://ticket.lvmama.com/scenic-106787","http://pic.lvmama.com/uploads/pc/place2/ctrip/photo/182609/ac8c150ad74f9a5bb19af4928cf4e447_180_120.jpg"
"292","狼牙山","","9","9","河北省保定市易县狼牙山镇东西水村","石家庄","http://ticket.lvmama.com/scenic-106787","http://pic.lvmama.com/uploads/pc/place2/ctrip/photo/182609/ac8c150ad74f9a5bb19af4928cf4e447_180_120.jpg"
"293","山叶口景区","","30","30","河北省迁安市大五里乡山叶口村","石家庄","http://ticket.lvmama.com/scenic-106787","http://pic.lvmama.com/uploads/pc/place2/ctrip/photo/182609/ac8c150ad74f9a5bb19af4928cf4e447_180_120.jpg"
"294","天门山","","50","60","河北省承德市宽城满族自治县孟子岭乡南天门村5组","石家庄","http://ticket.lvmama.com/scenic-106787","http://pic.lvmama.com/uploads/pc/place2/ctrip/photo/182609/ac8c150ad74f9a5bb19af4928cf4e447_180_120.jpg"
"295","老龙头","","400","400","河北省秦皇岛市山海关区老龙头路1号","石家庄","http://ticket.lvmama.com/scenic-106787","http://pic.lvmama.com/uploads/pc/place2/ctrip/photo/182609/ac8c150ad74f9a5bb19af4928cf4e447_180_120.jpg"
"296","角山长城景区","","40","300","河北省秦皇岛市山海关城北","石家庄","http://ticket.lvmama.com/scenic-106787","http://pic.lvmama.com/uploads/pc/place2/ctrip/photo/182609/ac8c150ad74f9a5bb19af4928cf4e447_180_120.jpg"
"297","祖山景区","","9","9","河北省秦皇岛市青龙满族自治县祖山镇","秦皇岛","http://ticket.lvmama.com/scenic-101827","http://pic.lvmama.com/uploads/pc/place2/2019-08-28/3d8c02b1-61f8-42c6-9834-59db65337361_180_120.jpg"
"298","荣国府与宁荣街","","88","88","河北省石家庄市正定县兴荣路51号","秦皇岛","http://ticket.lvmama.com/scenic-101827","http://pic.lvmama.com/uploads/pc/place2/2019-08-28/3d8c02b1-61f8-42c6-9834-59db65337361_180_120.jpg"
"299","山海关王家大院","","9","9","河北省秦皇岛市山海关古城东三条29号","秦皇岛","http://ticket.lvmama.com/scenic-101827","http://pic.lvmama.com/uploads/pc/place2/2019-08-28/3d8c02b1-61f8-42c6-9834-59db65337361_180_120.jpg"
"300","秦皇岛浅水湾浴场","","45","50","河北省秦皇岛市北戴河区滨海大道中段","秦皇岛","http://ticket.lvmama.com/scenic-101827","http://pic.lvmama.com/uploads/pc/place2/2019-08-28/3d8c02b1-61f8-42c6-9834-59db65337361_180_120.jpg"
"301","公主号游船","","9","9","河北省秦皇岛市海港区南山街56号","秦皇岛","http://ticket.lvmama.com/scenic-101827","http://pic.lvmama.com/uploads/pc/place2/2019-08-28/3d8c02b1-61f8-42c6-9834-59db65337361_180_120.jpg"
"302","石家庄市动物园","","50","240","河北石家庄鹿泉市向阳南大街——石家庄市动物园","秦皇岛","http://ticket.lvmama.com/scenic-101827","http://pic.lvmama.com/uploads/pc/place2/2019-08-28/3d8c02b1-61f8-42c6-9834-59db65337361_180_120.jpg"
"303","正定冰雪嘉年华","","36","65","河北省石家庄市正定县长乐门西南侧正定冰雪嘉年华","秦皇岛","http://ticket.lvmama.com/scenic-101827","http://pic.lvmama.com/uploads/pc/place2/2019-08-28/3d8c02b1-61f8-42c6-9834-59db65337361_180_120.jpg"
"304","萌宠奇缘","","125","166","石家庄市新华区中华大街联盟路交口南行100米路西荣...","秦皇岛","http://ticket.lvmama.com/scenic-101827","http://pic.lvmama.com/uploads/pc/place2/2019-08-28/3d8c02b1-61f8-42c6-9834-59db65337361_180_120.jpg"
"305","泥河湾温泉生态城","","98","98","河北省张家口市阳原县三马坊乡澡洗塘村（在三马坊温泉...","张家口","http://ticket.lvmama.com/scenic-10925158","http://pic.lvmama.com/uploads/pc/place2/ctrip/photo/1071849/912df39c7bd02d4563fadc9923bafefd_180_120.jpg"
"306","兴芮温泉会馆","","30","109","河北省保定市徐水县高林村镇郎五庄村大午温泉城","张家口","http://ticket.lvmama.com/scenic-10925158","http://pic.lvmama.com/uploads/pc/place2/ctrip/photo/1071849/912df39c7bd02d4563fadc9923bafefd_180_120.jpg"
"307","名人世纪3D艺术蜡像馆(绿溪谷店)","","19.9","359","河北省保定市竞秀区阳光北大街2121号","张家口","http://ticket.lvmama.com/scenic-10925158","http://pic.lvmama.com/uploads/pc/place2/ctrip/photo/1071849/912df39c7bd02d4563fadc9923bafefd_180_120.jpg"
